<?xml version="1.0" encoding="UTF-8"?>
<Akademik>
     <mahasiswa>
         <NPM>120510190013</NPM>
         <nama>Dhiya Uzh Zharief</nama>
         <asalKota>Jakarta</asalKota>
         <jurusan>Bisnis Digital</jurusan>
     </mahasiswa>
     <mahasiswa>
         <NPM>140503190011</NPM>
         <nama>Daffa Arviano</nama>
         <asalKota>Cirebon</asalKota>
         <jurusan>Hukum</jurusan>
     </mahasiswa>
     <mahasiswa>
         <NPM>130506190023</NPM>
         <nama>Ananda Mulia</nama>
         <asalKota>Solo</asalKota>
         <jurusan>Ilmu Komunikasi</jurusan>
     </mahasiswa>
</Akademik>
