{
  "Akademik": {
    "mahasiswa": [
      {
        "NPM": "120510190013",
        "nama": "Dhiya Uzh Zharief",
        "asalKota": "Jakarta",
        "jurusan": "Bisnis Digital"
      },
      {
        "NPM": "140503190011",
        "nama": "Daffa Arviano",
        "asalKota": "Cirebon",
        "jurusan": "Hukum"
      },
      {
        "NPM": "130506190023",
        "nama": "Ananda Mulia",
        "asalKota": "Solo",
        "jurusan": "Ilmu Komunikasi"
      }
    ]
  }
}