{
    "GraphicsCommands": {
        "Command": [
            {
                "@color": "#804000",
                "#text": "BeginFill"
            },
            {
                "@x": "299.0",
                "@y": "-45.0",
                "@width": "1.0",
                "@color": "#804000",
                "#text": "GoTo"
            },
            {
                "@x": "302.0",
                "@y": "-297.0",
                "@width": "1.0",
                "@color": "#804000",
                "#text": "GoTo"
            },
            {
                "@x": "-301.0",
                "@y": "-298.0",
                "@width": "1.0",
                "@color": "#804000",
                "#text": "GoTo"
            },
            {
                "@x": "-300.0",
                "@y": "-53.0",
                "@width": "1.0",
                "@color": "#804000",
                "#text": "GoTo"
            },
            "EndFill",
            {
                "@color": "#004080",
                "#text": "BeginFill"
            },
            {
                "@x": "-300.0",
                "@y": "300.0",
                "@width": "1.0",
                "@color": "#004080",
                "#text": "GoTo"
            },
            {
                "@x": "299.0",
                "@y": "299.0",
                "@width": "1.0",
                "@color": "#004080",
                "#text": "GoTo"
            },
            {
                "@x": "300.0",
                "@y": "-45.0",
                "@width": "1.0",
                "@color": "#004080",
                "#text": "GoTo"
            },
            "EndFill",
            "PenUp",
            {
                "@x": "0.0",
                "@y": "0.0",
                "@width": "1.0",
                "@color": "#000000",
                "#text": "GoTo"
            },
            "PenDown",
            {
                "@radius": "50.0",
                "@width": "10",
                "@color": "#00ffff",
                "#text": "Circle"
            },
            {
                "@radius": "100.0",
                "@width": "10",
                "@color": "#00ff80",
                "#text": "Circle"
            },
            {
                "@x": "20.0",
                "@y": "-40.0",
                "@width": "10.0",
                "@color": "#ff0080",
                "#text": "GoTo"
            },
            {
                "@x": "20.0",
                "@y": "-50.0",
                "@width": "10.0",
                "@color": "#ff0080",
                "#text": "GoTo"
            },
            {
                "@x": "20.0",
                "@y": "-60.0",
                "@width": "10.0",
                "@color": "#ff0080",
                "#text": "GoTo"
            }
        ]
    }
}