<?xml version="1.0" encoding="UTF-8"?>
<Pendidikan>
    <Universitas>
        <Nama>
            Universitas Padjadjaran
        </Nama>
        <Lokasi>
            Jatinangor
        </Lokasi>
    </Universitas>
    <Universitas>
        <Nama>
            Universitas Sriwijaya
        </Nama>
        <Lokasi>
            Palembang
        </Lokasi>
    </Universitas>
    <Universitas>
        <Nama>
            Universitas Airlangga
        </Nama>
        <Lokasi>
            Surabaya
        </Lokasi>
    </Universitas>
</Pendidikan>